{
  "type": "minecraft:crafting_shaped",
  "category": "misc",
  "pattern": [
    "aba",
    "cdc",
    "efe"
  ],
  "key": {
    "a": {
      "item": "minecraft:dragon_head"
    },
    "b": {
      "item": "evanwarthen:tanos"
    },
    "c": {
      "item": "minecraft:command_block"
    },
    "d": {
      "item": "minecraft:totem_of_undying"
    },
    "e": {
      "item": "minecraft:debug_stick"
    },
    "f": {
      "item": "minecraft:calibrated_sculk_sensor"
    }
  },
  "result": {
    "item": "evanwarthen:heartbanner",
    "count": 1
  }
}