{
  "type": "thomastorres_mod:wood",
  "config": {
    "size": 64,
    "discard_chance_on_air_exposure": 0,
    "targets": [
      {
        "target": {
          "predicate_type": "blockstate_match",
          "block_state": {
            "Name": "minecraft:oak_wood",
            "Properties": {
              "axis": "y"
            }
          }
        },
        "state": {
          "Name": "thomastorres_mod:wood"
        }
      },
      {
        "target": {
          "predicate_type": "blockstate_match",
          "block_state": {
            "Name": "minecraft:spruce_wood",
            "Properties": {
              "axis": "y"
            }
          }
        },
        "state": {
          "Name": "thomastorres_mod:wood"
        }
      },
      {
        "target": {
          "predicate_type": "blockstate_match",
          "block_state": {
            "Name": "minecraft:birch_wood",
            "Properties": {
              "axis": "y"
            }
          }
        },
        "state": {
          "Name": "thomastorres_mod:wood"
        }
      },
      {
        "target": {
          "predicate_type": "blockstate_match",
          "block_state": {
            "Name": "minecraft:jungle_wood",
            "Properties": {
              "axis": "y"
            }
          }
        },
        "state": {
          "Name": "thomastorres_mod:wood"
        }
      },
      {
        "target": {
          "predicate_type": "blockstate_match",
          "block_state": {
            "Name": "minecraft:acacia_wood",
            "Properties": {
              "axis": "y"
            }
          }
        },
        "state": {
          "Name": "thomastorres_mod:wood"
        }
      },
      {
        "target": {
          "predicate_type": "blockstate_match",
          "block_state": {
            "Name": "minecraft:dark_oak_wood",
            "Properties": {
              "axis": "y"
            }
          }
        },
        "state": {
          "Name": "thomastorres_mod:wood"
        }
      },
      {
        "target": {
          "predicate_type": "blockstate_match",
          "block_state": {
            "Name": "minecraft:mangrove_wood",
            "Properties": {
              "axis": "y"
            }
          }
        },
        "state": {
          "Name": "thomastorres_mod:wood"
        }
      },
      {
        "target": {
          "predicate_type": "blockstate_match",
          "block_state": {
            "Name": "minecraft:cherry_wood",
            "Properties": {
              "axis": "y"
            }
          }
        },
        "state": {
          "Name": "thomastorres_mod:wood"
        }
      }
    ]
  }
}