{
  "_fv": 60,
  "_type": "tool",
  "definition": {
    "toolType": "Sword",
    "renderType": 0,
    "blockingRenderType": 0,
    "texture": "chazziumbattleax",
    "customModelName": "Normal",
    "blockingModelName": "Normal blocking",
    "name": "Chazzium Battle Axe",
    "specialInformation": {
      "fixedValue": []
    },
    "creativeTab": {
      "value": "COMBAT"
    },
    "harvestLevel": 2,
    "efficiency": 1.0,
    "attackSpeed": 1.4000000000000001,
    "enchantability": 14,
    "damageVsEntity": 13.0,
    "usageCount": 458,
    "blocksAffected": [],
    "glowCondition": {
      "fixedValue": false
    },
    "repairItems": [
      {
        "value": "CUSTOM:NinjaIngot"
      }
    ],
    "immuneToFire": false,
    "stayInGridWhenCrafting": false,
    "damageOnCrafting": false,
    "onEntityHitWith": {
      "name": "NinjaWeaponLivingEntityIsHitWithTool"
    }
  }
}