{
  "type": "minecraft:crafting_shaped",
  "category": "misc",
  "pattern": [
    "012",
    "3 5",
    "6 8"
  ],
  "key": {
    "0": {
      "item": "minecraft:redstone"
    },
    "1": {
      "item": "minecraft:ender_pearl"
    },
    "2": {
      "item": "minecraft:redstone"
    },
    "3": {
      "item": "minecraft:amethyst_block"
    },
    "5": {
      "item": "minecraft:amethyst_block"
    },
    "6": {
      "item": "minecraft:amethyst_block"
    },
    "8": {
      "item": "minecraft:amethyst_block"
    }
  },
  "result": {
    "item": "thomastorres_mod:armorofcalamity_leggings",
    "count": 1
  }
}