{
  "type": "minecraft:crafting_shaped",
  "category": "misc",
  "pattern": [
    "012",
    "345",
    "678"
  ],
  "key": {
    "0": {
      "item": "minecraft:amethyst_cluster"
    },
    "1": {
      "item": "thomastorres_mod:calamitypowder"
    },
    "2": {
      "item": "minecraft:large_amethyst_bud"
    },
    "3": {
      "item": "thomastorres_mod:calamitypowder"
    },
    "4": {
      "item": "thomastorres_mod:calamitypowder"
    },
    "5": {
      "item": "thomastorres_mod:calamitypowder"
    },
    "6": {
      "item": "minecraft:large_amethyst_bud"
    },
    "7": {
      "item": "thomastorres_mod:calamitypowder"
    },
    "8": {
      "item": "minecraft:large_amethyst_bud"
    }
  },
  "result": {
    "item": "thomastorres_mod:calamitystar",
    "count": 1
  }
}