{
  "type": "minecraft:crafting_shaped",
  "category": "misc",
  "pattern": [
    "0 2",
    "345",
    " 7 "
  ],
  "key": {
    "0": {
      "item": "thomastorres_mod:rubicks_3x_3"
    },
    "2": {
      "item": "thomastorres_mod:rubicks_3x_3"
    },
    "3": {
      "item": "thomastorres_mod:rubicks_3x_3"
    },
    "4": {
      "item": "thomastorres_mod:rubicks_3x_3"
    },
    "5": {
      "item": "thomastorres_mod:rubicks_3x_3"
    },
    "7": {
      "item": "thomastorres_mod:rubicks_3x_3"
    }
  },
  "result": {
    "item": "thomastorres_mod:rubickscubearmor_chestplate",
    "count": 1
  }
}