{
  "type": "minecraft:crafting_shaped",
  "category": "misc",
  "pattern": [
    "012",
    "345",
    "678"
  ],
  "key": {
    "0": {
      "item": "thomastorres_mod:rubicks_1x_1"
    },
    "1": {
      "item": "thomastorres_mod:rubicks_1x_1"
    },
    "2": {
      "item": "thomastorres_mod:rubicks_1x_1"
    },
    "3": {
      "item": "thomastorres_mod:rubicks_2x_2"
    },
    "4": {
      "item": "thomastorres_mod:rubicks_2x_2"
    },
    "5": {
      "item": "thomastorres_mod:rubicks_2x_2"
    },
    "6": {
      "item": "thomastorres_mod:rubicks_2x_2"
    },
    "7": {
      "item": "thomastorres_mod:rubicks_2x_2"
    },
    "8": {
      "item": "thomastorres_mod:rubicks_2x_2"
    }
  },
  "result": {
    "item": "thomastorres_mod:rubicks_3x_3",
    "count": 1
  }
}