{
  "_fv": 60,
  "_type": "tool",
  "definition": {
    "toolType": "Sword",
    "renderType": 0,
    "blockingRenderType": 0,
    "texture": "opsword",
    "customModelName": "Normal",
    "blockingModelName": "Normal blocking",
    "name": "Oliversword",
    "specialInformation": {
      "fixedValue": []
    },
    "creativeTab": {
      "value": "CUSTOM:T44"
    },
    "harvestLevel": 1,
    "efficiency": 4.0,
    "attackSpeed": 13.6,
    "enchantability": 2,
    "damageVsEntity": 1000.0,
    "usageCount": 201,
    "blocksAffected": [],
    "glowCondition": {
      "fixedValue": false
    },
    "repairItems": [],
    "immuneToFire": false,
    "stayInGridWhenCrafting": false,
    "damageOnCrafting": false,
    "onEntityHitWith": {
      "name": "OliverswordLivingEntityIsHitWithTool"
    }
  }
}