{
  "_fv": 60,
  "_type": "tool",
  "definition": {
    "toolType": "Sword",
    "renderType": 0,
    "blockingRenderType": 0,
    "texture": "redsword",
    "customModelName": "Normal",
    "blockingModelName": "Normal blocking",
    "name": "Redsword",
    "specialInformation": {
      "fixedValue": []
    },
    "creativeTab": {
      "value": "CUSTOM:T44"
    },
    "harvestLevel": 100,
    "efficiency": 53.5,
    "attackSpeed": 1.0,
    "enchantability": 33,
    "damageVsEntity": 4.0,
    "usageCount": 302,
    "blocksAffected": [],
    "glowCondition": {
      "fixedValue": false
    },
    "repairItems": [],
    "immuneToFire": false,
    "stayInGridWhenCrafting": false,
    "damageOnCrafting": false
  }
}