{
  "_fv": 60,
  "_type": "tool",
  "definition": {
    "toolType": "Pickaxe",
    "renderType": 0,
    "blockingRenderType": 0,
    "texture": "pik",
    "customModelName": "Normal",
    "blockingModelName": "Normal blocking",
    "name": "T 4",
    "specialInformation": {
      "fixedValue": []
    },
    "creativeTab": {
      "value": "CUSTOM:T44"
    },
    "harvestLevel": 111,
    "efficiency": 112.5,
    "attackSpeed": 7.6,
    "enchantability": 105,
    "damageVsEntity": 36.2,
    "usageCount": 100,
    "blocksAffected": [],
    "glowCondition": {
      "fixedValue": false
    },
    "repairItems": [],
    "immuneToFire": false,
    "stayInGridWhenCrafting": false,
    "damageOnCrafting": false
  }
}