{
  "_fv": 60,
  "_type": "tool",
  "definition": {
    "toolType": "Hoe",
    "renderType": 0,
    "blockingRenderType": 0,
    "texture": "hoe",
    "customModelName": "Normal",
    "blockingModelName": "Normal blocking",
    "name": "T 6",
    "specialInformation": {
      "fixedValue": []
    },
    "creativeTab": {
      "value": "CUSTOM:T44"
    },
    "harvestLevel": 294,
    "efficiency": 42.5,
    "attackSpeed": 6.199999999999999,
    "enchantability": 111,
    "damageVsEntity": 5.699999999999999,
    "usageCount": 100,
    "blocksAffected": [],
    "glowCondition": {
      "fixedValue": false
    },
    "repairItems": [],
    "immuneToFire": false,
    "stayInGridWhenCrafting": false,
    "damageOnCrafting": false
  }
}