{
  "_fv": 60,
  "_type": "tool",
  "definition": {
    "toolType": "Axe",
    "renderType": 0,
    "blockingRenderType": 0,
    "texture": "s",
    "customModelName": "Normal",
    "blockingModelName": "Normal blocking",
    "name": "T 8",
    "specialInformation": {
      "fixedValue": []
    },
    "creativeTab": {
      "value": "CUSTOM:T44"
    },
    "harvestLevel": 110,
    "efficiency": 15.5,
    "attackSpeed": 12.5,
    "enchantability": 111,
    "damageVsEntity": 10.4,
    "usageCount": 126,
    "blocksAffected": [],
    "glowCondition": {
      "fixedValue": false
    },
    "repairItems": [],
    "immuneToFire": false,
    "stayInGridWhenCrafting": false,
    "damageOnCrafting": false
  }
}