{
  "_fv": 60,
  "_type": "tool",
  "definition": {
    "toolType": "Sword",
    "renderType": 0,
    "blockingRenderType": 0,
    "texture": "redsword",
    "customModelName": "Normal",
    "blockingModelName": "Normal blocking",
    "name": "T 9 0",
    "specialInformation": {
      "fixedValue": []
    },
    "creativeTab": {
      "value": "CUSTOM:T44"
    },
    "harvestLevel": 534,
    "efficiency": 129.0,
    "attackSpeed": 3.7,
    "enchantability": 169,
    "damageVsEntity": 8.299999999999999,
    "usageCount": 114,
    "blocksAffected": [],
    "glowCondition": {
      "fixedValue": false
    },
    "repairItems": [],
    "immuneToFire": false,
    "stayInGridWhenCrafting": false,
    "damageOnCrafting": false
  }
}