{
  "has_precipitation": true,
  "temperature": 0.5,
  "downfall": 0.5,
  "effects": {
    "foliage_color": -10240157,
    "grass_color": -8262783,
    "sky_color": -335905,
    "fog_color": -335905,
    "water_color": -6175255,
    "water_fog_color": -4074782
  },
  "spawners": {
    "monster": [],
    "creature": [
      {
        "type": "matilda_bell:kathy",
        "weight": 20,
        "minCount": 4,
        "maxCount": 4
      },
      {
        "type": "cat",
        "weight": 20,
        "minCount": 3,
        "maxCount": 5
      },
      {
        "type": "dolphin",
        "weight": 20,
        "minCount": 4,
        "maxCount": 4
      },
      {
        "type": "iron_golem",
        "weight": 20,
        "minCount": 2,
        "maxCount": 4
      },
      {
        "type": "mooshroom",
        "weight": 20,
        "minCount": 4,
        "maxCount": 4
      },
      {
        "type": "pig",
        "weight": 20,
        "minCount": 4,
        "maxCount": 4
      },
      {
        "type": "parrot",
        "weight": 20,
        "minCount": 4,
        "maxCount": 4
      }
    ],
    "ambient": [
      {
        "type": "bee",
        "weight": 20,
        "minCount": 2,
        "maxCount": 4
      }
    ],
    "axolotls": [],
    "underground_water_creature": [],
    "water_creature": [],
    "water_ambient": [],
    "misc": []
  },
  "spawn_costs": {},
  "carvers": {
    "air": [
      "minecraft:cave",
      "minecraft:cave_extra_underground",
      "minecraft:canyon"
    ]
  },
  "features": [
    [],
    [
      "minecraft:lake_lava_underground"
    ],
    [],
    [],
    [],
    [],
    [
      "minecraft:ore_coal_upper",
      "minecraft:ore_coal_lower",
      "minecraft:ore_iron_upper",
      "minecraft:ore_iron_middle",
      "minecraft:ore_iron_small",
      "minecraft:ore_gold",
      "minecraft:ore_gold_lower",
      "minecraft:ore_redstone",
      "minecraft:ore_redstone_lower",
      "minecraft:ore_diamond",
      "minecraft:ore_diamond_large",
      "minecraft:ore_diamond_buried",
      "minecraft:ore_lapis",
      "minecraft:ore_lapis_buried",
      "minecraft:ore_copper",
      "minecraft:underwater_magma"
    ],
    [],
    [],
    [
      "matilda_bell:cloud_tree",
      "minecraft:forest_flowers",
      "minecraft:patch_grass_forest"
    ],
    [
      "minecraft:freeze_top_layer"
    ]
  ]
}