{
  "_fv": 60,
  "_type": "armor",
  "definition": {
    "enableHelmet": true,
    "textureHelmet": "fghj_head",
    "enableBody": true,
    "textureBody": "fghj_body",
    "enableLeggings": true,
    "textureLeggings": "fghj_leggings",
    "enableBoots": true,
    "textureBoots": "fghj_boots",
    "onHelmetTick": {
      "name": "Fghj54HelmetTickEvent"
    },
    "onBodyTick": {
      "name": "Fghj54ChestplateTickEvent"
    },
    "onLeggingsTick": {
      "name": "Fghj54LeggingsTickEvent"
    },
    "onBootsTick": {
      "name": "Fghj54BootsTickEvent"
    },
    "creativeTab": {
      "value": "COMBAT"
    },
    "armorTextureFile": "winner3",
    "helmetName": "Fghj 5 4 Helmet",
    "bodyName": "Fghj 5 4 Chestplate",
    "leggingsName": "Fghj 5 4 Leggings",
    "bootsName": "Fghj 5 4 Boots",
    "helmetSpecialInformation": {
      "fixedValue": []
    },
    "bodySpecialInformation": {
      "fixedValue": []
    },
    "leggingsSpecialInformation": {
      "fixedValue": []
    },
    "bootsSpecialInformation": {
      "fixedValue": []
    },
    "helmetModelName": "Default",
    "helmetModelPart": "Helmet",
    "helmetModelTexture": "From armor",
    "bodyModelName": "Default",
    "bodyModelPart": "Body",
    "armsModelPartL": "Arms L",
    "armsModelPartR": "Arms R",
    "bodyModelTexture": "From armor",
    "leggingsModelName": "Default",
    "leggingsModelPartL": "Leggings L",
    "leggingsModelPartR": "Leggings R",
    "leggingsModelTexture": "From armor",
    "bootsModelName": "Default",
    "bootsModelPartL": "Boots L",
    "bootsModelPartR": "Boots R",
    "bootsModelTexture": "From armor",
    "helmetItemRenderType": 0,
    "helmetItemCustomModelName": "Normal",
    "bodyItemRenderType": 0,
    "bodyItemCustomModelName": "Normal",
    "leggingsItemRenderType": 0,
    "leggingsItemCustomModelName": "Normal",
    "bootsItemRenderType": 0,
    "bootsItemCustomModelName": "Normal",
    "helmetImmuneToFire": false,
    "bodyImmuneToFire": false,
    "leggingsImmuneToFire": false,
    "bootsImmuneToFire": false,
    "helmetPiglinNeutral": {
      "fixedValue": false
    },
    "bodyPiglinNeutral": {
      "fixedValue": false
    },
    "leggingsPiglinNeutral": {
      "fixedValue": false
    },
    "bootsPiglinNeutral": {
      "fixedValue": false
    },
    "maxDamage": 207,
    "damageValueHelmet": 206,
    "damageValueBody": 210,
    "damageValueLeggings": 217,
    "damageValueBoots": 300,
    "enchantability": 64,
    "toughness": 10.0,
    "knockbackResistance": 5.0,
    "equipSound": {
      "value": ""
    },
    "repairItems": []
  }
}