{
  "_fv": 60,
  "_type": "tool",
  "definition": {
    "toolType": "Sword",
    "renderType": 0,
    "blockingRenderType": 0,
    "texture": "thunder",
    "customModelName": "Normal",
    "blockingModelName": "Normal blocking",
    "name": "Thonder",
    "specialInformation": {
      "fixedValue": []
    },
    "creativeTab": {
      "value": "TOOLS"
    },
    "harvestLevel": 1,
    "efficiency": 4.0,
    "attackSpeed": 100.0,
    "enchantability": 2,
    "damageVsEntity": 11000.0,
    "usageCount": 11000,
    "blocksAffected": [],
    "glowCondition": {
      "fixedValue": false
    },
    "repairItems": [],
    "immuneToFire": false,
    "stayInGridWhenCrafting": false,
    "damageOnCrafting": false,
    "onRightClickedInAir": {
      "name": "ThonderRightclicked"
    }
  }
}