{
  "_fv": 60,
  "_type": "dimension",
  "definition": {
    "biomesInDimension": [
      {
        "value": "cold_beach"
      }
    ],
    "worldGenType": "End like gen",
    "mainFillerBlock": {
      "value": "Blocks.WATER"
    },
    "fluidBlock": {
      "value": "CUSTOM:ASDGJLHR"
    },
    "canRespawnHere": true,
    "hasFog": true,
    "isDark": false,
    "doesWaterVaporize": false,
    "sleepResult": "ALLOW",
    "hasSkyLight": false,
    "imitateOverworldBehaviour": true,
    "portalFrame": {
      "value": "CUSTOM:Yeah2"
    },
    "portalParticles": {
      "value": "SPELL_MOB_AMBIENT"
    },
    "portalLuminance": 15,
    "portalSound": {
      "value": "block.portal.ambient"
    },
    "enableIgniter": true,
    "igniterName": "Weirdworld Portal jump",
    "igniterRarity": "COMMON",
    "specialInformation": {
      "fixedValue": []
    },
    "igniterTab": {
      "value": "BUILDING_BLOCKS"
    },
    "texture": "onh",
    "portalTexture": "yeah",
    "enablePortal": true
  }
}