{
  "_fv": 60,
  "_type": "dimension",
  "definition": {
    "biomesInDimension": [
      {
        "value": "beaches"
      }
    ],
    "worldGenType": "Nether like gen",
    "mainFillerBlock": {
      "value": "Blocks.COBBLED_DEEPSLATE_SLAB"
    },
    "fluidBlock": {
      "value": "Blocks.WATER"
    },
    "canRespawnHere": true,
    "hasFog": true,
    "isDark": false,
    "doesWaterVaporize": false,
    "sleepResult": "BED_EXPLODES",
    "hasSkyLight": false,
    "imitateOverworldBehaviour": false,
    "portalFrame": {
      "value": "CUSTOM:Yeah2"
    },
    "portalParticles": {
      "value": "SPELL_WITCH"
    },
    "portalLuminance": 0,
    "portalSound": {
      "value": "block.portal.ambient"
    },
    "enableIgniter": true,
    "igniterName": "Weiy Portal Igniter",
    "igniterRarity": "COMMON",
    "specialInformation": {
      "fixedValue": []
    },
    "igniterTab": {
      "value": "TOOLS"
    },
    "texture": "yes",
    "portalTexture": "yeah",
    "enablePortal": true
  }
}