{
  "_fv": 60,
  "_type": "dimension",
  "definition": {
    "biomesInDimension": [
      {
        "value": "end_midlands"
      }
    ],
    "worldGenType": "End like gen",
    "mainFillerBlock": {
      "value": "Blocks.SNOW"
    },
    "fluidBlock": {
      "value": "Blocks.QUARTZ_BRICKS"
    },
    "canRespawnHere": false,
    "hasFog": true,
    "isDark": true,
    "doesWaterVaporize": true,
    "sleepResult": "BED_EXPLODES",
    "hasSkyLight": true,
    "imitateOverworldBehaviour": false,
    "portalFrame": {
      "value": "Blocks.OCHRE_FROGLIGHT"
    },
    "portalParticles": {
      "value": "PORTAL"
    },
    "portalLuminance": 0,
    "portalSound": {
      "value": "block.portal.ambient"
    },
    "enableIgniter": true,
    "igniterName": "Cloudden Portal Igniter",
    "igniterRarity": "COMMON",
    "specialInformation": {
      "fixedValue": []
    },
    "igniterTab": {
      "value": "MATERIALS"
    },
    "texture": "blue_ingot",
    "portalTexture": "enter",
    "enablePortal": true
  }
}