{
  "_fv": 60,
  "_type": "dimension",
  "definition": {
    "biomesInDimension": [
      {
        "value": "cold_ocean"
      }
    ],
    "worldGenType": "End like gen",
    "mainFillerBlock": {
      "value": "Blocks.BUBBLE_COLUMN"
    },
    "fluidBlock": {
      "value": "Blocks.CALCITE"
    },
    "canRespawnHere": false,
    "hasFog": true,
    "isDark": true,
    "doesWaterVaporize": true,
    "sleepResult": "BED_EXPLODES",
    "hasSkyLight": true,
    "imitateOverworldBehaviour": false,
    "portalFrame": {
      "value": "Blocks.QUARTZ_BLOCK#3"
    },
    "portalParticles": {
      "value": "CRIT_MAGIC"
    },
    "portalLuminance": 0,
    "portalSound": {
      "value": "block.portal.ambient"
    },
    "enableIgniter": true,
    "igniterName": "Clouldden Portal Igniter",
    "igniterRarity": "EPIC",
    "specialInformation": {
      "fixedValue": []
    },
    "igniterTab": {
      "value": "MATERIALS"
    },
    "texture": "blue_ingot",
    "portalTexture": "enter",
    "enablePortal": true
  }
}