{
  "_fv": 60,
  "_type": "tool",
  "definition": {
    "toolType": "Hoe",
    "renderType": 0,
    "blockingRenderType": 0,
    "texture": "ded_hoe",
    "customModelName": "Normal",
    "blockingModelName": "Normal blocking",
    "name": "DED Hoe",
    "specialInformation": {
      "fixedValue": []
    },
    "creativeTab": {
      "value": "CUSTOM:Yoer"
    },
    "harvestLevel": 2,
    "efficiency": 6.0,
    "attackSpeed": 3.0,
    "enchantability": 14,
    "damageVsEntity": 4.0,
    "usageCount": 250,
    "blocksAffected": [],
    "glowCondition": {
      "fixedValue": false
    },
    "repairItems": [
      {
        "value": "CUSTOM:RED"
      }
    ],
    "immuneToFire": false,
    "stayInGridWhenCrafting": false,
    "damageOnCrafting": false
  }
}