{
  "_fv": 60,
  "_type": "dimension",
  "definition": {
    "biomesInDimension": [
      {
        "value": "jagged_peaks"
      },
      {
        "value": "bamboo_jungle"
      },
      {
        "value": "birch_forest"
      },
      {
        "value": "basalt_deltas"
      }
    ],
    "worldGenType": "Nether like gen",
    "mainFillerBlock": {
      "value": "CUSTOM:REDOre"
    },
    "fluidBlock": {
      "value": "CUSTOM:Ejgf"
    },
    "canRespawnHere": true,
    "hasFog": false,
    "isDark": false,
    "doesWaterVaporize": true,
    "sleepResult": "ALLOW",
    "hasSkyLight": true,
    "imitateOverworldBehaviour": true,
    "portalFrame": {
      "value": "CUSTOM:REDBlock"
    },
    "portalParticles": {
      "value": "DRIP_LAVA"
    },
    "portalLuminance": 0,
    "portalSound": {
      "value": "block.portal.ambient"
    },
    "enableIgniter": true,
    "igniterName": "Dsa Portal Igniter",
    "igniterRarity": "COMMON",
    "specialInformation": {
      "fixedValue": []
    },
    "igniterTab": {
      "value": "CUSTOM:Yoer"
    },
    "texture": "shersher",
    "portalTexture": "tder",
    "enablePortal": true
  }
}