{
  "_fv": 60,
  "_type": "recipe",
  "definition": {
    "recipeType": "Crafting",
    "recipeRetstackSize": 1,
    "group": "",
    "cookingBookCategory": "MISC",
    "xpReward": 0.0,
    "cookingTime": 200,
    "craftingBookCategory": "MISC",
    "recipeShapeless": false,
    "recipeSlots": [
      {
        "value": "Blocks.CALIBRATED_SCULK_SENSOR"
      },
      {
        "value": "Blocks.GOLD_BLOCK"
      },
      {
        "value": "Blocks.CALIBRATED_SCULK_SENSOR"
      },
      {
        "value": "Blocks.CALIBRATED_SCULK_SENSOR"
      },
      {
        "value": "Blocks.DRAGON_WALL_HEAD"
      },
      {
        "value": "Blocks.CALIBRATED_SCULK_SENSOR"
      },
      {
        "value": "Blocks.ENDER_CHEST"
      },
      {
        "value": "Items.ECHO_SHARD"
      },
      {
        "value": "Blocks.ENDER_CHEST"
      }
    ],
    "recipeReturnStack": {
      "value": "Blocks.COMMAND_BLOCK"
    },
    "name": "eerfsd",
    "namespace": "mod"
  }
}