{
  "_fv": 60,
  "_type": "fluid",
  "definition": {
    "name": "Ejgf",
    "bucketName": "Ejgf Bucket",
    "textureStill": "tder",
    "textureFlowing": "dret",
    "tintType": "No tint",
    "canMultiply": true,
    "flowRate": 10,
    "levelDecrease": 1,
    "slopeFindDistance": 10,
    "spawnParticles": true,
    "dripParticle": {
      "value": "SPELL_INSTANT"
    },
    "flowStrength": 10.0,
    "luminosity": 0,
    "density": 1000,
    "viscosity": 1000,
    "temperature": 300,
    "type": "LAVA",
    "generateBucket": true,
    "textureBucket": "rety",
    "creativeTab": {
      "value": "CUSTOM:Yoer"
    },
    "emptySound": {
      "value": ""
    },
    "rarity": "COMMON",
    "specialInformation": {
      "fixedValue": []
    },
    "resistance": 100.0,
    "luminance": 0,
    "lightOpacity": 1,
    "emissiveRendering": true,
    "tickRate": 0,
    "flammability": 50,
    "fireSpreadSpeed": 10,
    "colorOnMap": "TNT"
  }
}