{
  "_fv": 60,
  "_type": "tool",
  "definition": {
    "toolType": "Sword",
    "renderType": 0,
    "blockingRenderType": 0,
    "texture": "heatdsg",
    "customModelName": "Normal",
    "blockingModelName": "Normal blocking",
    "name": "Heartbanner",
    "specialInformation": {
      "fixedValue": []
    },
    "creativeTab": {
      "value": "CUSTOM:Yoer"
    },
    "harvestLevel": 1,
    "efficiency": 4.0,
    "attackSpeed": 0.0,
    "enchantability": 2,
    "damageVsEntity": 120000.0,
    "usageCount": 0,
    "blocksAffected": [],
    "glowCondition": {
      "fixedValue": false
    },
    "repairItems": [
      {
        "value": "Blocks.PLANKS"
      }
    ],
    "immuneToFire": true,
    "stayInGridWhenCrafting": false,
    "damageOnCrafting": false,
    "onEntityHitWith": {
      "name": "HeartbannerLivingEntityIsHitWithTool"
    }
  }
}