{
  "_fv": 60,
  "_type": "tool",
  "definition": {
    "toolType": "Special",
    "renderType": 0,
    "blockingRenderType": 0,
    "texture": "erty",
    "customModelName": "Normal",
    "blockingModelName": "Normal blocking",
    "name": "Heatbanner 2",
    "specialInformation": {
      "fixedValue": []
    },
    "creativeTab": {
      "value": "CUSTOM:Yoer"
    },
    "harvestLevel": 1,
    "efficiency": 120000.0,
    "attackSpeed": 0.0,
    "enchantability": 10,
    "damageVsEntity": 120000.0,
    "usageCount": 0,
    "blocksAffected": [],
    "glowCondition": {
      "fixedValue": false
    },
    "repairItems": [],
    "immuneToFire": true,
    "stayInGridWhenCrafting": false,
    "damageOnCrafting": false,
    "onEntitySwing": {
      "name": "Heatbanner2EntitySwingsItem"
    }
  }
}