{
  "_fv": 60,
  "_type": "dimension",
  "definition": {
    "biomesInDimension": [
      {
        "value": "end_midlands"
      }
    ],
    "worldGenType": "End like gen",
    "mainFillerBlock": {
      "value": "Blocks.BUBBLE_COLUMN"
    },
    "fluidBlock": {
      "value": "Blocks.SMOOTH_SANDSTONE"
    },
    "canRespawnHere": true,
    "hasFog": true,
    "isDark": true,
    "doesWaterVaporize": true,
    "sleepResult": "BED_EXPLODES",
    "hasSkyLight": true,
    "imitateOverworldBehaviour": true,
    "portalFrame": {
      "value": "Blocks.IRON_BLOCK"
    },
    "portalParticles": {
      "value": "SPELL"
    },
    "portalLuminance": 0,
    "portalSound": {
      "value": "block.portal.ambient"
    },
    "enableIgniter": true,
    "igniterName": "Retuk Portal Igniter",
    "igniterRarity": "COMMON",
    "specialInformation": {
      "fixedValue": []
    },
    "igniterTab": {
      "value": "BUILDING_BLOCKS"
    },
    "texture": "red_gem",
    "portalTexture": "wer",
    "enablePortal": true
  }
}