{
  "_fv": 60,
  "_type": "recipe",
  "definition": {
    "recipeType": "Crafting",
    "recipeRetstackSize": 1,
    "group": "",
    "cookingBookCategory": "MISC",
    "xpReward": 0.0,
    "cookingTime": 200,
    "craftingBookCategory": "MISC",
    "recipeShapeless": false,
    "recipeSlots": [
      {
        "value": "Blocks.SKULL#5"
      },
      {
        "value": "CUSTOM:Tanos"
      },
      {
        "value": "Blocks.SKULL#5"
      },
      {
        "value": "Blocks.COMMAND_BLOCK"
      },
      {
        "value": "Items.TOTEM_OF_UNDYING"
      },
      {
        "value": "Blocks.COMMAND_BLOCK"
      },
      {
        "value": "Items.DEBUG_STICK"
      },
      {
        "value": "Blocks.CALIBRATED_SCULK_SENSOR"
      },
      {
        "value": "Items.DEBUG_STICK"
      }
    ],
    "recipeReturnStack": {
      "value": "CUSTOM:Heartbanner"
    },
    "name": "ser",
    "namespace": "mod"
  }
}