{
  "_fv": 60,
  "_type": "tool",
  "definition": {
    "toolType": "Sword",
    "renderType": 0,
    "blockingRenderType": 0,
    "texture": "unbeaten_sword",
    "customModelName": "Normal",
    "blockingModelName": "Normal blocking",
    "name": "Unbeaten Sword",
    "specialInformation": {
      "fixedValue": []
    },
    "creativeTab": {
      "value": "CUSTOM:Yoer"
    },
    "harvestLevel": 2,
    "efficiency": 6.0,
    "attackSpeed": 0.0,
    "enchantability": 14,
    "damageVsEntity": 100000.0,
    "usageCount": 100000,
    "blocksAffected": [],
    "glowCondition": {
      "fixedValue": true
    },
    "repairItems": [
      {
        "value": "Blocks.COMMAND_BLOCK"
      }
    ],
    "immuneToFire": false,
    "stayInGridWhenCrafting": false,
    "damageOnCrafting": false
  }
}