{
  "_fv": 60,
  "_type": "recipe",
  "definition": {
    "recipeType": "Crafting",
    "recipeRetstackSize": 1,
    "group": "",
    "cookingBookCategory": "MISC",
    "xpReward": 0.0,
    "cookingTime": 200,
    "craftingBookCategory": "MISC",
    "recipeShapeless": false,
    "recipeSlots": [
      {
        "value": "Items.EGG"
      },
      {
        "value": "Items.EGG"
      },
      {
        "value": "Items.EGG"
      },
      {
        "value": "Items.EGG"
      },
      {
        "value": "Blocks.SKULL#4"
      },
      {
        "value": "Items.EGG"
      },
      {
        "value": "Items.EGG"
      },
      {
        "value": "Items.EGG"
      },
      {
        "value": "Items.EGG"
      }
    ],
    "recipeReturnStack": {
      "value": "CUSTOM:Creeperspawnegg"
    },
    "name": "creeper_8",
    "namespace": "mod"
  }
}