{
  "_fv": 60,
  "_type": "tool",
  "definition": {
    "toolType": "Sword",
    "renderType": 0,
    "blockingRenderType": 0,
    "texture": "godsword",
    "customModelName": "Normal",
    "blockingModelName": "Normal blocking",
    "name": "Godsword",
    "specialInformation": {
      "fixedValue": []
    },
    "creativeTab": {
      "value": "CUSTOM:Mods"
    },
    "harvestLevel": 1,
    "efficiency": 4.0,
    "attackSpeed": 0.0,
    "enchantability": 2,
    "damageVsEntity": 1024.0,
    "usageCount": 0,
    "blocksAffected": [],
    "glowCondition": {
      "fixedValue": false
    },
    "repairItems": [],
    "immuneToFire": false,
    "stayInGridWhenCrafting": false,
    "damageOnCrafting": false,
    "onEntitySwing": {
      "name": "GodswordEntitySwingsItem"
    }
  }
}