{
  "_fv": 60,
  "_type": "tool",
  "definition": {
    "toolType": "Pickaxe",
    "renderType": 0,
    "blockingRenderType": 0,
    "texture": "noobsword",
    "customModelName": "Normal",
    "blockingModelName": "Normal blocking",
    "name": "Noob 5 6",
    "specialInformation": {
      "fixedValue": []
    },
    "creativeTab": {
      "value": "CUSTOM:Mods"
    },
    "harvestLevel": 1,
    "efficiency": 4.0,
    "attackSpeed": 25.299999999999997,
    "enchantability": 2,
    "damageVsEntity": 30.0,
    "usageCount": 0,
    "blocksAffected": [],
    "glowCondition": {
      "fixedValue": false
    },
    "repairItems": [],
    "immuneToFire": true,
    "stayInGridWhenCrafting": false,
    "damageOnCrafting": false,
    "onEntityHitWith": {
      "name": "Noob56LivingEntityIsHitWithTool"
    }
  }
}