{
  "_fv": 60,
  "_type": "recipe",
  "definition": {
    "recipeType": "Crafting",
    "recipeRetstackSize": 1,
    "group": "psychichelmet",
    "cookingBookCategory": "MISC",
    "xpReward": 0.0,
    "cookingTime": 200,
    "craftingBookCategory": "MISC",
    "recipeShapeless": false,
    "recipeSlots": [
      {
        "value": "CUSTOM:PsychicIngot"
      },
      {
        "value": "CUSTOM:PsychicIngot"
      },
      {
        "value": "CUSTOM:PsychicIngot"
      },
      {
        "value": "CUSTOM:PsychicIngot"
      },
      {
        "value": ""
      },
      {
        "value": "CUSTOM:PsychicIngot"
      },
      {
        "value": ""
      },
      {
        "value": ""
      },
      {
        "value": ""
      }
    ],
    "recipeReturnStack": {
      "value": "CUSTOM:Psychic.helmet"
    },
    "name": "psychic_helmet",
    "namespace": "mod"
  }
}