{
  "_fv": 60,
  "_type": "tool",
  "definition": {
    "toolType": "Sword",
    "renderType": 0,
    "blockingRenderType": 0,
    "texture": "caticospear",
    "customModelName": "Normal",
    "blockingModelName": "Normal blocking",
    "name": "Caticospear",
    "specialInformation": {
      "fixedValue": []
    },
    "creativeTab": {
      "value": "CUSTOM:Catstuff"
    },
    "harvestLevel": 2,
    "efficiency": 25.0,
    "attackSpeed": 10.0,
    "enchantability": 4,
    "damageVsEntity": 100.0,
    "usageCount": 500,
    "blocksAffected": [],
    "glowCondition": {
      "fixedValue": false
    },
    "repairItems": [],
    "immuneToFire": true,
    "stayInGridWhenCrafting": false,
    "damageOnCrafting": false
  }
}