{
  "_fv": 60,
  "_type": "tool",
  "definition": {
    "toolType": "Pickaxe",
    "renderType": 0,
    "blockingRenderType": 0,
    "texture": "caticopicaxe",
    "customModelName": "Normal",
    "blockingModelName": "Normal blocking",
    "name": "Caticopicaxe",
    "specialInformation": {
      "fixedValue": []
    },
    "creativeTab": {
      "value": "CUSTOM:Catstuff"
    },
    "harvestLevel": 4,
    "efficiency": 5.5,
    "attackSpeed": 1.5,
    "enchantability": 3,
    "damageVsEntity": 4.0,
    "usageCount": 250,
    "blocksAffected": [],
    "glowCondition": {
      "fixedValue": false
    },
    "repairItems": [],
    "immuneToFire": true,
    "stayInGridWhenCrafting": false,
    "damageOnCrafting": false
  }
}