{
  "_fv": 60,
  "_type": "tool",
  "definition": {
    "toolType": "Spade",
    "renderType": 0,
    "blockingRenderType": 0,
    "texture": "caticoshovel",
    "customModelName": "Normal",
    "blockingModelName": "Normal blocking",
    "name": "Caticoshovel",
    "specialInformation": {
      "fixedValue": []
    },
    "creativeTab": {
      "value": "CUSTOM:Catstuff"
    },
    "harvestLevel": 2,
    "efficiency": 5.0,
    "attackSpeed": 1.1,
    "enchantability": 2,
    "damageVsEntity": 3.9999999999999996,
    "usageCount": 250,
    "blocksAffected": [],
    "glowCondition": {
      "fixedValue": false
    },
    "repairItems": [],
    "immuneToFire": false,
    "stayInGridWhenCrafting": false,
    "damageOnCrafting": false
  }
}