{
  "_fv": 60,
  "_type": "tool",
  "definition": {
    "toolType": "Axe",
    "renderType": 0,
    "blockingRenderType": 0,
    "texture": "axec",
    "customModelName": "Normal",
    "blockingModelName": "Normal blocking",
    "name": "Caxe",
    "specialInformation": {
      "fixedValue": []
    },
    "creativeTab": {
      "value": "CUSTOM:Catstuff"
    },
    "harvestLevel": 5,
    "efficiency": 30.0,
    "attackSpeed": 2.5,
    "enchantability": 3,
    "damageVsEntity": 5.0,
    "usageCount": 300,
    "blocksAffected": [],
    "glowCondition": {
      "fixedValue": false
    },
    "repairItems": [],
    "immuneToFire": false,
    "stayInGridWhenCrafting": false,
    "damageOnCrafting": false
  }
}