{
  "_fv": 60,
  "_type": "tool",
  "definition": {
    "toolType": "Shears",
    "renderType": 0,
    "blockingRenderType": 0,
    "texture": "cshear",
    "customModelName": "Normal",
    "blockingModelName": "Normal blocking",
    "name": "Shearc",
    "specialInformation": {
      "fixedValue": []
    },
    "creativeTab": {
      "value": "CUSTOM:Catstuff"
    },
    "harvestLevel": 1,
    "efficiency": 30.0,
    "attackSpeed": 1.0,
    "enchantability": 3,
    "damageVsEntity": 4.0,
    "usageCount": 300,
    "blocksAffected": [],
    "glowCondition": {
      "fixedValue": false
    },
    "repairItems": [],
    "immuneToFire": false,
    "stayInGridWhenCrafting": false,
    "damageOnCrafting": false
  }
}