{
  "_fv": 60,
  "_type": "biome",
  "definition": {
    "name": "The domain",
    "groundBlock": {
      "value": "CUSTOM:Bloodiedstone"
    },
    "undergroundBlock": {
      "value": "Blocks.STONE#0"
    },
    "underwaterBlock": {
      "value": "Blocks.STONE#0"
    },
    "airColor": {
      "value": -52429,
      "falpha": 0.0
    },
    "grassColor": {
      "value": -16777216,
      "falpha": 0.0
    },
    "foliageColor": {
      "value": -10092442,
      "falpha": 0.0
    },
    "waterColor": {
      "value": -16776961,
      "falpha": 0.0
    },
    "waterFogColor": {
      "value": -16777114,
      "falpha": 0.0
    },
    "ambientSound": {
      "value": "entity.wither.ambient"
    },
    "additionsSound": {
      "value": ""
    },
    "music": {
      "value": ""
    },
    "moodSound": {
      "value": ""
    },
    "moodSoundDelay": 6000,
    "spawnParticles": true,
    "particleToSpawn": {
      "value": "WHITE_ASH"
    },
    "particlesProbability": 10.0,
    "rainingPossibility": 0.0,
    "temperature": 0.5,
    "spawnBiome": true,
    "spawnInCaves": false,
    "spawnBiomeNether": false,
    "genTemperature": {
      "min": -2.0,
      "max": 2.0
    },
    "genHumidity": {
      "min": -2.0,
      "max": 2.0
    },
    "genContinentalness": {
      "min": -2.0,
      "max": 2.0
    },
    "genErosion": {
      "min": -2.0,
      "max": 2.0
    },
    "genWeirdness": {
      "min": -2.0,
      "max": 2.0
    },
    "treesPerChunk": 0,
    "vanillaTreeType": "Default",
    "treeType": 0,
    "minHeight": 7,
    "treeStem": {
      "value": ""
    },
    "treeBranch": {
      "value": ""
    },
    "treeVines": {
      "value": ""
    },
    "treeFruits": {
      "value": ""
    },
    "defaultFeatures": [],
    "spawnStronghold": false,
    "spawnMineshaft": false,
    "spawnMineshaftMesa": false,
    "spawnPillagerOutpost": false,
    "villageType": "none",
    "spawnWoodlandMansion": false,
    "spawnJungleTemple": false,
    "spawnDesertPyramid": false,
    "spawnSwampHut": false,
    "spawnIgloo": false,
    "spawnOceanMonument": false,
    "spawnShipwreck": false,
    "spawnShipwreckBeached": false,
    "spawnBuriedTreasure": false,
    "oceanRuinType": "NONE",
    "spawnNetherBridge": true,
    "spawnNetherFossil": false,
    "spawnBastionRemnant": false,
    "spawnEndCity": false,
    "spawnRuinedPortal": "NONE",
    "spawnEntries": []
  }
}