{
  "_fv": 60,
  "_type": "tool",
  "definition": {
    "toolType": "Pickaxe",
    "renderType": 0,
    "blockingRenderType": 0,
    "texture": "rainbowpickaxe",
    "customModelName": "Normal",
    "blockingModelName": "Normal blocking",
    "name": "Rainbowpickaxe",
    "specialInformation": {
      "fixedValue": []
    },
    "creativeTab": {
      "value": "CUSTOM:Rainbowmod3"
    },
    "harvestLevel": 1,
    "efficiency": 10.0,
    "attackSpeed": 6.0,
    "enchantability": 10,
    "damageVsEntity": 13.6,
    "usageCount": 113,
    "blocksAffected": [],
    "glowCondition": {
      "fixedValue": false
    },
    "repairItems": [],
    "immuneToFire": true,
    "stayInGridWhenCrafting": false,
    "damageOnCrafting": false
  }
}