{
  "_fv": 60,
  "_type": "armor",
  "definition": {
    "enableHelmet": true,
    "textureHelmet": "rainbowheadpiece22",
    "enableBody": true,
    "textureBody": "rainbowarmor2",
    "enableLeggings": true,
    "textureLeggings": "rainbowpants22",
    "enableBoots": true,
    "textureBoots": "rainbowboots22",
    "creativeTab": {
      "value": "CUSTOM:Rainbowmod3"
    },
    "armorTextureFile": "rainbowarmor",
    "helmetName": "Rainbowarmor 2 2 Helmet",
    "bodyName": "Rainbowarmor 2 2 Chestplate",
    "leggingsName": "Rainbowarmor 2 2 Leggings",
    "bootsName": "Rainbowarmor 2 2 Boots",
    "helmetSpecialInformation": {
      "fixedValue": []
    },
    "bodySpecialInformation": {
      "fixedValue": []
    },
    "leggingsSpecialInformation": {
      "fixedValue": []
    },
    "bootsSpecialInformation": {
      "fixedValue": []
    },
    "helmetModelName": "Default",
    "helmetModelPart": "Helmet",
    "helmetModelTexture": "From armor",
    "bodyModelName": "Default",
    "bodyModelPart": "Body",
    "armsModelPartL": "Arms L",
    "armsModelPartR": "Arms R",
    "bodyModelTexture": "From armor",
    "leggingsModelName": "Default",
    "leggingsModelPartL": "Leggings L",
    "leggingsModelPartR": "Leggings R",
    "leggingsModelTexture": "From armor",
    "bootsModelName": "Default",
    "bootsModelPartL": "Boots L",
    "bootsModelPartR": "Boots R",
    "bootsModelTexture": "From armor",
    "helmetItemRenderType": 0,
    "helmetItemCustomModelName": "Normal",
    "bodyItemRenderType": 0,
    "bodyItemCustomModelName": "Normal",
    "leggingsItemRenderType": 0,
    "leggingsItemCustomModelName": "Normal",
    "bootsItemRenderType": 0,
    "bootsItemCustomModelName": "Normal",
    "helmetImmuneToFire": false,
    "bodyImmuneToFire": false,
    "leggingsImmuneToFire": false,
    "bootsImmuneToFire": false,
    "helmetPiglinNeutral": {
      "fixedValue": false
    },
    "bodyPiglinNeutral": {
      "fixedValue": false
    },
    "leggingsPiglinNeutral": {
      "fixedValue": false
    },
    "bootsPiglinNeutral": {
      "fixedValue": false
    },
    "maxDamage": 158,
    "damageValueHelmet": 88,
    "damageValueBody": 90,
    "damageValueLeggings": 96,
    "damageValueBoots": 73,
    "enchantability": 9,
    "toughness": 0.0,
    "knockbackResistance": 0.0,
    "equipSound": {
      "value": ""
    },
    "repairItems": []
  }
}