{
  "_fv": 60,
  "_type": "tool",
  "definition": {
    "toolType": "Spade",
    "renderType": 0,
    "blockingRenderType": 0,
    "texture": "rainbowshovel",
    "customModelName": "Normal",
    "blockingModelName": "Normal blocking",
    "name": "Rainbowshovel",
    "specialInformation": {
      "fixedValue": []
    },
    "creativeTab": {
      "value": "CUSTOM:Rainbowmod3"
    },
    "harvestLevel": 2,
    "efficiency": 48.5,
    "attackSpeed": 1.0,
    "enchantability": 14,
    "damageVsEntity": 4.0,
    "usageCount": 100,
    "blocksAffected": [],
    "glowCondition": {
      "fixedValue": false
    },
    "repairItems": [],
    "immuneToFire": true,
    "stayInGridWhenCrafting": false,
    "damageOnCrafting": false
  }
}