{
  "_fv": 60,
  "_type": "tool",
  "definition": {
    "toolType": "Sword",
    "renderType": 0,
    "blockingRenderType": 0,
    "texture": "rainbowsoard",
    "customModelName": "Normal",
    "blockingModelName": "Normal blocking",
    "name": "RAINBOWSOARD",
    "specialInformation": {
      "fixedValue": []
    },
    "creativeTab": {
      "value": "CUSTOM:Rainbowmod3"
    },
    "harvestLevel": 1,
    "efficiency": 10.5,
    "attackSpeed": 8.2,
    "enchantability": 2,
    "damageVsEntity": 15.1,
    "usageCount": 109,
    "blocksAffected": [],
    "glowCondition": {
      "fixedValue": false
    },
    "repairItems": [],
    "immuneToFire": true,
    "stayInGridWhenCrafting": false,
    "damageOnCrafting": false
  }
}