{
  "has_precipitation": false,
  "temperature": 0.5,
  "downfall": 0,
  "effects": {
    "ambient_sound": "entity.wither.ambient",
    "particle": {
      "options": {
        "type": "white_ash"
      },
      "probability": 0.1
    },
    "foliage_color": -10092442,
    "grass_color": -16777216,
    "sky_color": -52429,
    "fog_color": -52429,
    "water_color": -16776961,
    "water_fog_color": -16777114
  },
  "spawners": {
    "monster": [],
    "creature": [],
    "ambient": [],
    "axolotls": [],
    "underground_water_creature": [],
    "water_creature": [],
    "water_ambient": [],
    "misc": []
  },
  "spawn_costs": {},
  "carvers": {},
  "features": [
    [],
    [],
    [],
    [],
    [],
    [],
    [],
    [],
    [],
    [],
    []
  ]
}