{
  "has_precipitation": true,
  "temperature": 0.5,
  "downfall": 0.5,
  "effects": {
    "foliage_color": 10387789,
    "grass_color": 9470285,
    "sky_color": 7972607,
    "fog_color": 12638463,
    "water_color": 4159204,
    "water_fog_color": 329011
  },
  "spawners": {
    "monster": [],
    "creature": [],
    "ambient": [],
    "axolotls": [],
    "underground_water_creature": [],
    "water_creature": [],
    "water_ambient": [],
    "misc": []
  },
  "spawn_costs": {},
  "carvers": {},
  "features": [
    [],
    [],
    [],
    [],
    [],
    [],
    [],
    [],
    [],
    [
      "axel_mod:rrr_tree"
    ],
    [
      "minecraft:freeze_top_layer"
    ]
  ]
}