{
  "_fv": 60,
  "_type": "dimension",
  "definition": {
    "biomesInDimension": [
      {
        "value": "badlands"
      },
      {
        "value": "crimson_forest"
      },
      {
        "value": "end_barrens"
      },
      {
        "value": "birch_forest"
      }
    ],
    "worldGenType": "Normal world gen",
    "mainFillerBlock": {
      "value": "Blocks.QUARTZ_BLOCK#3"
    },
    "fluidBlock": {
      "value": "Blocks.FLOWING_LAVA"
    },
    "airColor": {
      "value": -16711681,
      "falpha": 0.0
    },
    "canRespawnHere": true,
    "hasFog": false,
    "isDark": false,
    "doesWaterVaporize": false,
    "sleepResult": "ALLOW",
    "hasSkyLight": true,
    "imitateOverworldBehaviour": true,
    "portalFrame": {
      "value": "Blocks.NETHERITE_BLOCK"
    },
    "portalParticles": {
      "value": "DRIP_LAVA"
    },
    "portalLuminance": 0,
    "portalSound": {
      "value": "block.portal.ambient"
    },
    "enableIgniter": true,
    "igniterName": "OP",
    "igniterRarity": "EPIC",
    "specialInformation": {
      "fixedValue": []
    },
    "igniterTab": {
      "value": "CUSTOM:GOD"
    },
    "texture": "op",
    "portalTexture": "god_block_god_side",
    "enablePortal": true
  }
}