{
  "_fv": 60,
  "_type": "tool",
  "definition": {
    "toolType": "Pickaxe",
    "renderType": 0,
    "blockingRenderType": 0,
    "texture": "godpickaxe",
    "customModelName": "Normal",
    "blockingModelName": "Normal blocking",
    "name": "GODPICKAXE",
    "specialInformation": {
      "fixedValue": []
    },
    "creativeTab": {
      "value": "CUSTOM:GOD"
    },
    "harvestLevel": 128000,
    "efficiency": 128000.0,
    "attackSpeed": 100.0,
    "enchantability": 128000,
    "damageVsEntity": 0.0,
    "usageCount": 128000,
    "blocksAffected": [],
    "glowCondition": {
      "fixedValue": true
    },
    "repairItems": [
      {
        "value": "CUSTOM:OP"
      }
    ],
    "immuneToFire": true,
    "stayInGridWhenCrafting": false,
    "damageOnCrafting": false
  }
}