{
  "_fv": 60,
  "_type": "projectile",
  "definition": {
    "projectileItem": {
      "value": "CUSTOM:NUCLEARBOMB"
    },
    "showParticles": true,
    "actionSound": {
      "value": "entity.arrow.shoot"
    },
    "igniteFire": true,
    "power": 100.0,
    "damage": 10000.0,
    "knockback": 500,
    "entityModel": "Default",
    "customModelTexture": "",
    "onHitsBlock": {
      "name": "NUUCLEARBOMBProjectileHitsBlock"
    },
    "onHitsEntity": {
      "name": "NUUCLEARBOMBProjectileHitsLivingEntity"
    }
  }
}