{
  "_fv": 60,
  "_type": "armor",
  "definition": {
    "enableHelmet": true,
    "textureHelmet": "armor_of_psy_head",
    "enableBody": true,
    "textureBody": "armor_of_psy_body",
    "enableLeggings": true,
    "textureLeggings": "armor_of_psy_leggings",
    "enableBoots": true,
    "textureBoots": "armor_of_psy_boots",
    "onLeggingsTick": {
      "name": "ARMOROFPSYLeggingsTickEvent"
    },
    "onBootsTick": {
      "name": "ARMOROFPSYBootsTickEvent"
    },
    "creativeTab": {
      "value": "COMBAT"
    },
    "armorTextureFile": "armor_of_psy",
    "helmetName": "ARMOROFPSY Helmet",
    "bodyName": "ARMOROFPSY Chestplate",
    "leggingsName": "ARMOROFPSY Leggings",
    "bootsName": "ARMOROFPSY Boots",
    "helmetSpecialInformation": {
      "fixedValue": []
    },
    "bodySpecialInformation": {
      "fixedValue": []
    },
    "leggingsSpecialInformation": {
      "fixedValue": []
    },
    "bootsSpecialInformation": {
      "fixedValue": []
    },
    "helmetModelName": "Default",
    "helmetModelPart": "Helmet",
    "helmetModelTexture": "From armor",
    "bodyModelName": "Default",
    "bodyModelPart": "Body",
    "armsModelPartL": "Arms L",
    "armsModelPartR": "Arms R",
    "bodyModelTexture": "From armor",
    "leggingsModelName": "Default",
    "leggingsModelPartL": "Leggings L",
    "leggingsModelPartR": "Leggings R",
    "leggingsModelTexture": "From armor",
    "bootsModelName": "Default",
    "bootsModelPartL": "Boots L",
    "bootsModelPartR": "Boots R",
    "bootsModelTexture": "From armor",
    "helmetItemRenderType": 0,
    "helmetItemCustomModelName": "Normal",
    "bodyItemRenderType": 0,
    "bodyItemCustomModelName": "Normal",
    "leggingsItemRenderType": 0,
    "leggingsItemCustomModelName": "Normal",
    "bootsItemRenderType": 0,
    "bootsItemCustomModelName": "Normal",
    "helmetImmuneToFire": false,
    "bodyImmuneToFire": false,
    "leggingsImmuneToFire": false,
    "bootsImmuneToFire": false,
    "helmetPiglinNeutral": {
      "fixedValue": false
    },
    "bodyPiglinNeutral": {
      "fixedValue": false
    },
    "leggingsPiglinNeutral": {
      "fixedValue": false
    },
    "bootsPiglinNeutral": {
      "fixedValue": false
    },
    "maxDamage": 15,
    "damageValueHelmet": 23,
    "damageValueBody": 23,
    "damageValueLeggings": 23,
    "damageValueBoots": 23,
    "enchantability": 9,
    "toughness": 0.0,
    "knockbackResistance": 5.0,
    "equipSound": {
      "value": "item.armor.equip_chain"
    },
    "repairItems": [
      {
        "value": "Blocks.ANVIL#0"
      }
    ]
  }
}