{
  "_fv": 47,
  "_type": "rangeditem",
  "definition": {
    "renderType": 0,
    "texture": "calamity_star",
    "customModelName": "Normal",
    "name": "Calamitystar",
    "specialInfo": [],
    "creativeTab": {
      "value": "CUSTOM:Crimson"
    },
    "stackSize": 6,
    "ammoItem": {
      "value": ""
    },
    "shootConstantly": false,
    "usageCount": 100,
    "actionSound": {
      "value": "entity.arrow.shoot"
    },
    "hasGlow": false,
    "animation": "bow",
    "enableMeleeDamage": true,
    "damageVsEntity": 20.8,
    "bulletPower": 1.0,
    "bulletDamage": 5.0,
    "bulletKnockback": 5,
    "bulletParticles": false,
    "bulletIgnitesFire": false,
    "bulletItemTexture": {
      "value": "CUSTOM:Calamitystar"
    },
    "bulletModel": "Default",
    "customBulletModelTexture": "",
    "onBulletHitsBlock": {
      "name": "CalamitystarProjectileHitsBlock"
    }
  }
}