{
  "_fv": 47,
  "_type": "recipe",
  "definition": {
    "recipeType": "Crafting",
    "recipeRetstackSize": 1,
    "group": "",
    "cookingBookCategory": "MISC",
    "xpReward": 0.0,
    "cookingTime": 200,
    "craftingBookCategory": "MISC",
    "recipeShapeless": false,
    "recipeSlots": [
      {
        "value": "Blocks.AMETHYST_CLUSTER"
      },
      {
        "value": "CUSTOM:Calamitypowder"
      },
      {
        "value": "Blocks.LARGE_AMETHYST_BUD"
      },
      {
        "value": "CUSTOM:Calamitypowder"
      },
      {
        "value": "CUSTOM:Calamitypowder"
      },
      {
        "value": "CUSTOM:Calamitypowder"
      },
      {
        "value": "Blocks.LARGE_AMETHYST_BUD"
      },
      {
        "value": "CUSTOM:Calamitypowder"
      },
      {
        "value": "Blocks.LARGE_AMETHYST_BUD"
      }
    ],
    "recipeReturnStack": {
      "value": "CUSTOM:Calamitystar"
    },
    "name": "csr",
    "namespace": "mod"
  }
}