{
  "_fv": 47,
  "_type": "dimension",
  "definition": {
    "biomesInDimension": [
      {
        "value": "basalt_deltas"
      },
      {
        "value": "deep_ocean"
      }
    ],
    "worldGenType": "End like gen",
    "mainFillerBlock": {
      "value": "CUSTOM:Oddblock"
    },
    "fluidBlock": {
      "value": "Blocks.SLIME_BLOCK"
    },
    "airColor": {
      "value": -256,
      "falpha": 0.0
    },
    "canRespawnHere": false,
    "hasFog": true,
    "isDark": false,
    "doesWaterVaporize": false,
    "sleepResult": "DENY",
    "hasSkyLight": false,
    "imitateOverworldBehaviour": false,
    "portalFrame": {
      "value": "CUSTOM:Demon"
    },
    "portalParticles": {
      "value": "CLOUD"
    },
    "portalLuminance": 0,
    "portalSound": {
      "value": "ambient.nether_wastes.mood"
    },
    "enableIgniter": true,
    "igniterName": "Odd Portal Igniter",
    "specialInfo": [],
    "igniterTab": {
      "value": "TOOLS"
    },
    "texture": "sword_of_calamity",
    "portalTexture": "odd_block",
    "enablePortal": true
  }
}