{
  "_fv": 47,
  "_type": "armor",
  "definition": {
    "enableHelmet": true,
    "textureHelmet": "rubicks_cube_armor_head",
    "enableBody": true,
    "textureBody": "rubicks_cube_armor_body",
    "enableLeggings": true,
    "textureLeggings": "rubicks_cube_armor_leggings",
    "enableBoots": true,
    "textureBoots": "rubicks_cube_armor_boots",
    "onHelmetTick": {
      "name": "RubickscubearmorChestplateTickEvent"
    },
    "onBodyTick": {
      "name": "RubickscubearmorChestplateTickEvent"
    },
    "onLeggingsTick": {
      "name": "RubickscubearmorChestplateTickEvent"
    },
    "onBootsTick": {
      "name": "RubickscubearmorChestplateTickEvent"
    },
    "creativeTab": {
      "value": "CUSTOM:Crimson"
    },
    "armorTextureFile": "rubicks_cube_armor",
    "helmetName": "Rubickscubearmor Helmet",
    "bodyName": "Rubickscubearmor Chestplate",
    "leggingsName": "Rubickscubearmor Leggings",
    "bootsName": "Rubickscubearmor Boots",
    "helmetSpecialInfo": [],
    "bodySpecialInfo": [],
    "leggingsSpecialInfo": [],
    "bootsSpecialInfo": [],
    "helmetModelName": "Default",
    "helmetModelPart": "Helmet",
    "helmetModelTexture": "From armor",
    "bodyModelName": "Default",
    "bodyModelPart": "Body",
    "armsModelPartL": "Arms L",
    "armsModelPartR": "Arms R",
    "bodyModelTexture": "From armor",
    "leggingsModelName": "Default",
    "leggingsModelPartL": "Leggings L",
    "leggingsModelPartR": "Leggings R",
    "leggingsModelTexture": "From armor",
    "bootsModelName": "Default",
    "bootsModelPartL": "Boots L",
    "bootsModelPartR": "Boots R",
    "bootsModelTexture": "From armor",
    "helmetItemRenderType": 0,
    "helmetItemCustomModelName": "Normal",
    "bodyItemRenderType": 0,
    "bodyItemCustomModelName": "Normal",
    "leggingsItemRenderType": 0,
    "leggingsItemCustomModelName": "Normal",
    "bootsItemRenderType": 0,
    "bootsItemCustomModelName": "Normal",
    "helmetImmuneToFire": false,
    "bodyImmuneToFire": false,
    "leggingsImmuneToFire": false,
    "bootsImmuneToFire": false,
    "maxDamage": 25,
    "damageValueHelmet": 2,
    "damageValueBody": 6,
    "damageValueLeggings": 5,
    "damageValueBoots": 2,
    "enchantability": 9,
    "toughness": 0.0,
    "knockbackResistance": 0.0,
    "equipSound": {
      "value": "ambient.basalt_deltas.additions"
    },
    "repairItems": []
  }
}