{
  "_fv": 47,
  "_type": "biome",
  "definition": {
    "name": "Rubickscuuuuuuuuuuuuuuuuuuuuuuuuuuuuuuuuuuuuuuuuuuuuuuuube",
    "groundBlock": {
      "value": "CUSTOM:Rubicks3x3"
    },
    "undergroundBlock": {
      "value": "CUSTOM:Rubicks3x3"
    },
    "underwaterBlock": {
      "value": ""
    },
    "airColor": {
      "value": -6710785,
      "falpha": 0.0
    },
    "grassColor": {
      "value": -65536,
      "falpha": 0.0
    },
    "foliageColor": {
      "value": -10027213,
      "falpha": 0.0
    },
    "waterColor": {
      "value": -205,
      "falpha": 0.0
    },
    "waterFogColor": {
      "value": -1,
      "falpha": 0.0
    },
    "ambientSound": {
      "value": "ambient.cave"
    },
    "additionsSound": {
      "value": "ambient.basalt_deltas.mood"
    },
    "music": {
      "value": "ambient.underwater.enter"
    },
    "moodSound": {
      "value": ""
    },
    "moodSoundDelay": 6000,
    "spawnParticles": true,
    "particleToSpawn": {
      "value": "SMOKE_NORMAL"
    },
    "particlesProbability": 100.0,
    "rainingPossibility": 0.5,
    "temperature": 0.5,
    "spawnBiome": true,
    "spawnInCaves": false,
    "spawnBiomeNether": false,
    "genTemperature": {
      "min": -0.5,
      "max": 0.5
    },
    "genHumidity": {
      "min": -0.5,
      "max": 0.5
    },
    "genContinentalness": {
      "min": 0.3,
      "max": 1.0
    },
    "genErosion": {
      "min": -0.5,
      "max": 0.5
    },
    "genWeirdness": {
      "min": -1.0,
      "max": 1.0
    },
    "treesPerChunk": 1,
    "vanillaTreeType": "Default",
    "treeType": 1,
    "minHeight": 13,
    "treeStem": {
      "value": "CUSTOM:Rubicks3x3"
    },
    "treeBranch": {
      "value": "CUSTOM:Rubicks3x3"
    },
    "treeVines": {
      "value": "CUSTOM:Rubicks3x3"
    },
    "treeFruits": {
      "value": "CUSTOM:Rubicks3x3"
    },
    "defaultFeatures": [
      "Caves",
      "Ores",
      "FrozenTopLayer"
    ],
    "spawnStronghold": false,
    "spawnMineshaft": true,
    "spawnMineshaftMesa": true,
    "spawnPillagerOutpost": false,
    "villageType": "snowy",
    "spawnWoodlandMansion": false,
    "spawnJungleTemple": false,
    "spawnDesertPyramid": false,
    "spawnSwampHut": true,
    "spawnIgloo": false,
    "spawnOceanMonument": false,
    "spawnShipwreck": false,
    "spawnShipwreckBeached": false,
    "spawnBuriedTreasure": false,
    "oceanRuinType": "NONE",
    "spawnNetherBridge": false,
    "spawnNetherFossil": true,
    "spawnBastionRemnant": false,
    "spawnEndCity": false,
    "spawnRuinedPortal": "SWAMP",
    "spawnEntries": [
      {
        "entity": {
          "value": "EntityAllay"
        },
        "minGroup": 4,
        "maxGroup": 4,
        "weight": 20,
        "spawnType": "ambient"
      }
    ]
  }
}