{
  "_fv": 47,
  "_type": "recipe",
  "definition": {
    "recipeType": "Crafting",
    "recipeRetstackSize": 1,
    "group": "",
    "cookingBookCategory": "MISC",
    "xpReward": 0.0,
    "cookingTime": 200,
    "craftingBookCategory": "MISC",
    "recipeShapeless": false,
    "recipeSlots": [
      {
        "value": ""
      },
      {
        "value": ""
      },
      {
        "value": "CUSTOM:Rubicks3x3"
      },
      {
        "value": ""
      },
      {
        "value": "Items.EMERALD"
      },
      {
        "value": ""
      },
      {
        "value": "Items.REDSTONE"
      },
      {
        "value": ""
      },
      {
        "value": ""
      }
    ],
    "recipeReturnStack": {
      "value": "CUSTOM:Swordofcalamity"
    },
    "name": "swordofc",
    "namespace": "mod"
  }
}