{
  "_fv": 60,
  "_type": "biome",
  "definition": {
    "name": "Eyeforest",
    "groundBlock": {
      "value": "Blocks.STRIPPED_CHERRY_LOG"
    },
    "undergroundBlock": {
      "value": "Blocks.EMERALD_ORE"
    },
    "underwaterBlock": {
      "value": ""
    },
    "airColor": {
      "value": -13421569,
      "falpha": 0.0
    },
    "grassColor": {
      "value": -65281,
      "falpha": 0.0
    },
    "foliageColor": {
      "value": -6711040,
      "falpha": 0.0
    },
    "waterColor": {
      "value": -16777216,
      "falpha": 0.0
    },
    "waterFogColor": {
      "value": -52429,
      "falpha": 0.0
    },
    "ambientSound": {
      "value": ""
    },
    "additionsSound": {
      "value": ""
    },
    "music": {
      "value": "ambient.crimson_forest.loop"
    },
    "moodSound": {
      "value": ""
    },
    "moodSoundDelay": 6000,
    "spawnParticles": false,
    "particleToSpawn": {
      "value": "EXPLOSION_NORMAL"
    },
    "particlesProbability": 0.5,
    "rainingPossibility": 0.5,
    "temperature": 0.5,
    "spawnBiome": true,
    "spawnInCaves": false,
    "spawnBiomeNether": false,
    "genTemperature": {
      "min": -0.5,
      "max": 0.5
    },
    "genHumidity": {
      "min": -0.5,
      "max": 0.5
    },
    "genContinentalness": {
      "min": 0.3,
      "max": 1.0
    },
    "genErosion": {
      "min": -0.5,
      "max": 0.5
    },
    "genWeirdness": {
      "min": -1.0,
      "max": 1.0
    },
    "treesPerChunk": 1,
    "vanillaTreeType": "Big trees",
    "treeType": 1,
    "minHeight": 20,
    "treeStem": {
      "value": "CUSTOM:Eye_oreBlock"
    },
    "treeBranch": {
      "value": "Blocks.GOLD_BLOCK"
    },
    "treeVines": {
      "value": "CUSTOM:Eye_oreOre"
    },
    "treeFruits": {
      "value": "Blocks.HAY_BLOCK"
    },
    "defaultFeatures": [
      "Caves",
      "Ores",
      "FrozenTopLayer"
    ],
    "spawnStronghold": true,
    "spawnMineshaft": true,
    "spawnMineshaftMesa": true,
    "spawnPillagerOutpost": true,
    "villageType": "plains",
    "spawnWoodlandMansion": false,
    "spawnJungleTemple": false,
    "spawnDesertPyramid": false,
    "spawnSwampHut": false,
    "spawnIgloo": false,
    "spawnOceanMonument": false,
    "spawnShipwreck": false,
    "spawnShipwreckBeached": false,
    "spawnBuriedTreasure": true,
    "oceanRuinType": "NONE",
    "spawnNetherBridge": false,
    "spawnNetherFossil": true,
    "spawnBastionRemnant": false,
    "spawnEndCity": false,
    "spawnRuinedPortal": "JUNGLE",
    "spawnEntries": [
      {
        "entity": {
          "value": "EntityBlaze"
        },
        "minGroup": 1,
        "maxGroup": 6,
        "weight": 20,
        "spawnType": "monster"
      }
    ]
  }
}