{
  "_fv": 60,
  "_type": "fluid",
  "definition": {
    "name": "Hjtjtujryturtrjsu 4nlztmcgbsmvggdkfr",
    "bucketName": "Hjtjtujryturtrjsu 4nlztmcgbsmvggdkfr Bucket",
    "textureStill": "uuuuuuuuuuuuuuuuuuuuuuuuuuuuuuuuu",
    "textureFlowing": "uuuuuuuuuuuuuuuuuuuuuuuuuuu",
    "tintType": "No tint",
    "canMultiply": true,
    "flowRate": 173,
    "levelDecrease": 1,
    "slopeFindDistance": 16,
    "spawnParticles": true,
    "dripParticle": {
      "value": "SPELL_WITCH"
    },
    "flowStrength": 5.699999999999999,
    "luminosity": 0,
    "density": 1000,
    "viscosity": 0,
    "temperature": 300,
    "type": "WATER",
    "generateBucket": true,
    "textureBucket": "uuuuuuuuuuuuuuuuuuuuuuuuu",
    "creativeTab": {
      "value": "CUSTOM:JDJTIEWHTG"
    },
    "emptySound": {
      "value": ""
    },
    "rarity": "COMMON",
    "specialInformation": {
      "fixedValue": []
    },
    "resistance": 100.0,
    "luminance": 0,
    "lightOpacity": 1,
    "emissiveRendering": false,
    "tickRate": 0,
    "flammability": 0,
    "fireSpreadSpeed": 0,
    "colorOnMap": "DEFAULT"
  }
}