{
  "has_precipitation": true,
  "temperature": 0.5,
  "downfall": 0.5,
  "effects": {
    "ambient_sound": "ambient.cave",
    "additions_sound": {
      "sound": "ambient.basalt_deltas.mood",
      "tick_chance": 0.0111
    },
    "music": {
      "sound": "ambient.underwater.enter",
      "min_delay": 12000,
      "max_delay": 24000,
      "replace_current_music": true
    },
    "particle": {
      "options": {
        "type": "smoke"
      },
      "probability": 1
    },
    "foliage_color": -10027213,
    "grass_color": -65536,
    "sky_color": -6710785,
    "fog_color": -6710785,
    "water_color": -205,
    "water_fog_color": -1
  },
  "spawners": {
    "monster": [],
    "creature": [],
    "ambient": [
      {
        "type": "allay",
        "weight": 20,
        "minCount": 4,
        "maxCount": 4
      }
    ],
    "axolotls": [],
    "underground_water_creature": [],
    "water_creature": [],
    "water_ambient": [],
    "misc": []
  },
  "spawn_costs": {},
  "carvers": {
    "air": [
      "minecraft:cave",
      "minecraft:cave_extra_underground",
      "minecraft:canyon"
    ]
  },
  "features": [
    [],
    [
      "minecraft:lake_lava_underground"
    ],
    [],
    [],
    [],
    [],
    [
      "minecraft:ore_coal_upper",
      "minecraft:ore_coal_lower",
      "minecraft:ore_iron_upper",
      "minecraft:ore_iron_middle",
      "minecraft:ore_iron_small",
      "minecraft:ore_gold",
      "minecraft:ore_gold_lower",
      "minecraft:ore_redstone",
      "minecraft:ore_redstone_lower",
      "minecraft:ore_diamond",
      "minecraft:ore_diamond_large",
      "minecraft:ore_diamond_buried",
      "minecraft:ore_lapis",
      "minecraft:ore_lapis_buried",
      "minecraft:ore_copper",
      "minecraft:underwater_magma"
    ],
    [],
    [],
    [
      "thomastorres_mod:rubickscuuuuuuuuuuuuuuuuuuuuuuuuuuuuuuuuuuuuuuuuuuuuuuuube_tree"
    ],
    [
      "minecraft:freeze_top_layer"
    ]
  ]
}