{
  "_fv": 60,
  "_type": "tool",
  "definition": {
    "toolType": "Sword",
    "renderType": 0,
    "blockingRenderType": 0,
    "texture": "bye",
    "customModelName": "Normal",
    "blockingModelName": "Normal blocking",
    "name": "Bye",
    "specialInformation": {
      "fixedValue": []
    },
    "creativeTab": {
      "value": "COMBAT"
    },
    "harvestLevel": 125,
    "efficiency": 106.5,
    "attackSpeed": 100.0,
    "enchantability": 100138,
    "damageVsEntity": 1.0,
    "usageCount": 240,
    "blocksAffected": [],
    "glowCondition": {
      "fixedValue": false
    },
    "repairItems": [],
    "immuneToFire": false,
    "stayInGridWhenCrafting": false,
    "damageOnCrafting": false
  }
}