{
  "_fv": 60,
  "_type": "dimension",
  "definition": {
    "biomesInDimension": [
      {
        "value": "forest"
      },
      {
        "value": "CUSTOM:CyaneeBiome"
      }
    ],
    "worldGenType": "Normal world gen",
    "mainFillerBlock": {
      "value": "CUSTOM:Cyanee"
    },
    "fluidBlock": {
      "value": "CUSTOM:Cyanee"
    },
    "airColor": {
      "value": -13369345,
      "falpha": 0.0
    },
    "canRespawnHere": true,
    "hasFog": false,
    "isDark": false,
    "doesWaterVaporize": false,
    "sleepResult": "ALLOW",
    "hasSkyLight": true,
    "imitateOverworldBehaviour": false,
    "portalFrame": {
      "value": "CUSTOM:Cyanee"
    },
    "portalParticles": {
      "value": "DRIP_WATER"
    },
    "portalLuminance": 15,
    "portalSound": {
      "value": "block.portal.ambient"
    },
    "enableIgniter": true,
    "igniterName": "cyan world opener",
    "igniterRarity": "COMMON",
    "specialInformation": {
      "fixedValue": []
    },
    "igniterTab": {
      "value": "TOOLS"
    },
    "texture": "cyaneeportalopener",
    "portalTexture": "cyany",
    "enablePortal": true
  }
}