{
  "_fv": 60,
  "_type": "dimension",
  "definition": {
    "biomesInDimension": [
      {
        "value": "end_midlands"
      },
      {
        "value": "CUSTOM:Hltbom"
      },
      {
        "value": "plains"
      }
    ],
    "worldGenType": "Normal world gen",
    "mainFillerBlock": {
      "value": "Blocks.PISTON_EXTENSION"
    },
    "fluidBlock": {
      "value": "Blocks.BUBBLE_COLUMN"
    },
    "canRespawnHere": true,
    "hasFog": false,
    "isDark": false,
    "doesWaterVaporize": false,
    "sleepResult": "ALLOW",
    "hasSkyLight": true,
    "imitateOverworldBehaviour": false,
    "portalFrame": {
      "value": "CUSTOM:H"
    },
    "portalParticles": {
      "value": "SPELL_WITCH"
    },
    "portalLuminance": 1,
    "portalSound": {
      "value": "block.portal.ambient"
    },
    "enableIgniter": true,
    "igniterName": "Hltdem Portal Igniter",
    "igniterRarity": "COMMON",
    "specialInformation": {
      "fixedValue": []
    },
    "igniterTab": {
      "value": "COMBAT"
    },
    "texture": "nuke",
    "portalTexture": "hltportlatext",
    "enablePortal": true
  }
}