{
  "_fv": 60,
  "_type": "recipe",
  "definition": {
    "recipeType": "Crafting",
    "recipeRetstackSize": 2,
    "group": "",
    "cookingBookCategory": "MISC",
    "xpReward": 0.0,
    "cookingTime": 200,
    "craftingBookCategory": "EQUIPMENT",
    "recipeShapeless": false,
    "recipeSlots": [
      {
        "value": "Blocks.DIRT"
      },
      {
        "value": ""
      },
      {
        "value": "Blocks.DIRT"
      },
      {
        "value": "Blocks.DIRT"
      },
      {
        "value": "Blocks.DIRT"
      },
      {
        "value": "Blocks.DIRT"
      },
      {
        "value": "Blocks.DIRT"
      },
      {
        "value": "Blocks.DIRT"
      },
      {
        "value": "Blocks.DIRT"
      }
    ],
    "recipeReturnStack": {
      "value": "CUSTOM:Hltpants.body"
    },
    "name": "hltpjsres",
    "namespace": "mod"
  }
}