{
  "_fv": 60,
  "_type": "armor",
  "definition": {
    "enableHelmet": true,
    "textureHelmet": "hltpj_head",
    "enableBody": true,
    "textureBody": "hltpj_body",
    "enableLeggings": true,
    "textureLeggings": "hltpj_leggings",
    "enableBoots": true,
    "textureBoots": "hltpj_boots",
    "onHelmetTick": {
      "name": "HltpantsHelmetTickEvent"
    },
    "onBodyTick": {
      "name": "HltpantsChestplateTickEvent"
    },
    "onLeggingsTick": {
      "name": "HltpantsLeggingsTickEvent"
    },
    "onBootsTick": {
      "name": "HltpantsBootsTickEvent"
    },
    "creativeTab": {
      "value": "COMBAT"
    },
    "armorTextureFile": "hltpj",
    "helmetName": "Hltpj Helmet",
    "bodyName": "Hltpj Chestplate",
    "leggingsName": "Hltpj Leggings",
    "bootsName": "Hltpj Boots",
    "helmetSpecialInformation": {
      "fixedValue": []
    },
    "bodySpecialInformation": {
      "fixedValue": []
    },
    "leggingsSpecialInformation": {
      "fixedValue": []
    },
    "bootsSpecialInformation": {
      "fixedValue": []
    },
    "helmetModelName": "Default",
    "helmetModelPart": "Helmet",
    "helmetModelTexture": "From armor",
    "bodyModelName": "Default",
    "bodyModelPart": "Body",
    "armsModelPartL": "Arms L",
    "armsModelPartR": "Arms R",
    "bodyModelTexture": "From armor",
    "leggingsModelName": "Default",
    "leggingsModelPartL": "Leggings L",
    "leggingsModelPartR": "Leggings R",
    "leggingsModelTexture": "From armor",
    "bootsModelName": "Default",
    "bootsModelPartL": "Boots L",
    "bootsModelPartR": "Boots R",
    "bootsModelTexture": "From armor",
    "helmetItemRenderType": 0,
    "helmetItemCustomModelName": "Normal",
    "bodyItemRenderType": 0,
    "bodyItemCustomModelName": "Normal",
    "leggingsItemRenderType": 0,
    "leggingsItemCustomModelName": "Normal",
    "bootsItemRenderType": 0,
    "bootsItemCustomModelName": "Normal",
    "helmetImmuneToFire": true,
    "bodyImmuneToFire": true,
    "leggingsImmuneToFire": true,
    "bootsImmuneToFire": true,
    "helmetPiglinNeutral": {
      "fixedValue": true
    },
    "bodyPiglinNeutral": {
      "fixedValue": true
    },
    "leggingsPiglinNeutral": {
      "fixedValue": true
    },
    "bootsPiglinNeutral": {
      "fixedValue": true
    },
    "maxDamage": 100,
    "damageValueHelmet": 172,
    "damageValueBody": 167,
    "damageValueLeggings": 112,
    "damageValueBoots": 128,
    "enchantability": 100,
    "toughness": 10.0,
    "knockbackResistance": 0.5,
    "equipSound": {
      "value": "ambient.soul_sand_valley.additions"
    },
    "repairItems": [
      {
        "value": "Blocks.WARPED_STEM"
      }
    ]
  }
}