{
  "_fv": 60,
  "_type": "recipe",
  "definition": {
    "recipeType": "Crafting",
    "recipeRetstackSize": 2,
    "group": "",
    "cookingBookCategory": "MISC",
    "xpReward": 0.0,
    "cookingTime": 200,
    "craftingBookCategory": "MISC",
    "recipeShapeless": false,
    "recipeSlots": [
      {
        "value": ""
      },
      {
        "value": ""
      },
      {
        "value": ""
      },
      {
        "value": "Blocks.DIRT"
      },
      {
        "value": ""
      },
      {
        "value": "Blocks.DIRT"
      },
      {
        "value": "Blocks.DIRT"
      },
      {
        "value": ""
      },
      {
        "value": "Blocks.DIRT"
      }
    ],
    "recipeReturnStack": {
      "value": "CUSTOM:Hltpants.boots"
    },
    "name": "hltrrrrrrfv",
    "namespace": "mod"
  }
}