{
  "_fv": 60,
  "_type": "tool",
  "definition": {
    "toolType": "Sword",
    "renderType": 0,
    "blockingRenderType": 0,
    "texture": "hltsword",
    "customModelName": "Normal",
    "blockingModelName": "Normal blocking",
    "name": "Hltsword",
    "specialInformation": {
      "fixedValue": []
    },
    "creativeTab": {
      "value": "COMBAT"
    },
    "harvestLevel": 1000,
    "efficiency": 1000.0,
    "attackSpeed": 1.0,
    "enchantability": 1000,
    "damageVsEntity": 1000.0,
    "usageCount": 1000,
    "blocksAffected": [],
    "glowCondition": {
      "fixedValue": true
    },
    "repairItems": [
      {
        "value": "CUSTOM:Hltgem"
      }
    ],
    "immuneToFire": true,
    "stayInGridWhenCrafting": true,
    "damageOnCrafting": false,
    "onEntitySwing": {
      "name": "Hltsword3"
    }
  }
}