{
  "_fv": 60,
  "_type": "projectile",
  "definition": {
    "projectileItem": {
      "value": "CUSTOM:Lllllllllli"
    },
    "showParticles": false,
    "actionSound": {
      "value": "entity.arrow.shoot"
    },
    "igniteFire": false,
    "power": 1.0,
    "damage": 5.0,
    "knockback": 5,
    "entityModel": "Default",
    "customModelTexture": "",
    "onHitsBlock": {
      "name": "LightningProjectileHitsBlock"
    },
    "onHitsEntity": {
      "name": "LightningProjectileHitsLivingEntity"
    }
  }
}