{
  "has_precipitation": true,
  "temperature": 0.5,
  "downfall": 0.5,
  "effects": {
    "foliage_color": -154,
    "grass_color": -3407821,
    "sky_color": -13369600,
    "fog_color": -13369600,
    "water_color": -10066330,
    "water_fog_color": -13421824
  },
  "spawners": {
    "monster": [],
    "creature": [
      {
        "type": "allay",
        "weight": 20,
        "minCount": 4,
        "maxCount": 4
      }
    ],
    "ambient": [],
    "axolotls": [],
    "underground_water_creature": [],
    "water_creature": [],
    "water_ambient": [],
    "misc": []
  },
  "spawn_costs": {},
  "carvers": {},
  "features": [
    [],
    [],
    [],
    [],
    [],
    [],
    [],
    [],
    [],
    [
      "levmoch2:hltbom_tree"
    ],
    [
      "minecraft:freeze_top_layer"
    ]
  ]
}