{
  "has_precipitation": true,
  "temperature": 0.5,
  "downfall": 0.5,
  "effects": {
    "music": {
      "sound": "ambient.crimson_forest.loop",
      "min_delay": 12000,
      "max_delay": 24000,
      "replace_current_music": true
    },
    "foliage_color": -6711040,
    "grass_color": -65281,
    "sky_color": -13421569,
    "fog_color": -13421569,
    "water_color": -16777216,
    "water_fog_color": -52429
  },
  "spawners": {
    "monster": [
      {
        "type": "blaze",
        "weight": 20,
        "minCount": 1,
        "maxCount": 6
      }
    ],
    "creature": [],
    "ambient": [],
    "axolotls": [],
    "underground_water_creature": [],
    "water_creature": [],
    "water_ambient": [],
    "misc": []
  },
  "spawn_costs": {},
  "carvers": {
    "air": [
      "minecraft:cave",
      "minecraft:cave_extra_underground",
      "minecraft:canyon"
    ]
  },
  "features": [
    [],
    [
      "minecraft:lake_lava_underground"
    ],
    [],
    [],
    [],
    [],
    [
      "minecraft:ore_coal_upper",
      "minecraft:ore_coal_lower",
      "minecraft:ore_iron_upper",
      "minecraft:ore_iron_middle",
      "minecraft:ore_iron_small",
      "minecraft:ore_gold",
      "minecraft:ore_gold_lower",
      "minecraft:ore_redstone",
      "minecraft:ore_redstone_lower",
      "minecraft:ore_diamond",
      "minecraft:ore_diamond_large",
      "minecraft:ore_diamond_buried",
      "minecraft:ore_lapis",
      "minecraft:ore_lapis_buried",
      "minecraft:ore_copper",
      "minecraft:underwater_magma"
    ],
    [],
    [],
    [
      "mario:eyeforest_tree"
    ],
    [
      "minecraft:freeze_top_layer"
    ]
  ]
}