{
  "_fv": 60,
  "_type": "potion",
  "definition": {
    "potionName": "Potion of DEATH",
    "splashName": "Splash Potion of DEATH",
    "lingeringName": "Lingering Potion of DEATH",
    "arrowName": "Arrow of DEATH",
    "effects": [
      {
        "effect": {
          "value": "MINING_FATIGUE"
        },
        "duration": 3600,
        "amplifier": 0,
        "ambient": false,
        "showParticles": true
      },
      {
        "effect": {
          "value": "WITHER"
        },
        "duration": 3600,
        "amplifier": 0,
        "ambient": false,
        "showParticles": true
      },
      {
        "effect": {
          "value": "DARKNESS"
        },
        "duration": 3600,
        "amplifier": 0,
        "ambient": false,
        "showParticles": true
      },
      {
        "effect": {
          "value": "POISON"
        },
        "duration": 3600,
        "amplifier": 0,
        "ambient": false,
        "showParticles": true
      }
    ]
  }
}