{
  "_fv": 60,
  "_type": "item",
  "definition": {
    "renderType": 0,
    "texture": "xyx",
    "customModelName": "Normal",
    "customProperties": {},
    "states": [],
    "name": "RAINBOW INGOT",
    "rarity": "UNCOMMON",
    "creativeTab": {
      "value": "CUSTOM:XY2332"
    },
    "stackSize": 64,
    "enchantability": 0,
    "useDuration": 32,
    "toolType": 1.0,
    "damageCount": 0,
    "recipeRemainder": {
      "value": ""
    },
    "destroyAnyBlock": false,
    "immuneToFire": false,
    "stayInGridWhenCrafting": false,
    "damageOnCrafting": false,
    "enableMeleeDamage": false,
    "damageVsEntity": 0.0,
    "specialInformation": {
      "fixedValue": []
    },
    "glowCondition": {
      "fixedValue": false
    },
    "guiBoundTo": "<NONE>",
    "inventorySize": 9,
    "inventoryStackSize": 64,
    "enableRanged": false,
    "shootConstantly": false,
    "projectile": {
      "value": "CUSTOM:BULLET"
    },
    "isFood": true,
    "nutritionalValue": 100,
    "saturation": -4.8999999999999995,
    "eatResultItem": {
      "value": "CUSTOM:Gun"
    },
    "isMeat": false,
    "isAlwaysEdible": true,
    "animation": "eat"
  }
}