{
  "_fv": 60,
  "_type": "dimension",
  "definition": {
    "biomesInDimension": [
      {
        "value": "CUSTOM:Sky2"
      }
    ],
    "worldGenType": "End like gen",
    "mainFillerBlock": {
      "value": "Blocks.DIRT#0"
    },
    "fluidBlock": {
      "value": "Blocks.FLOWING_WATER"
    },
    "canRespawnHere": false,
    "hasFog": false,
    "isDark": false,
    "doesWaterVaporize": false,
    "sleepResult": "ALLOW",
    "hasSkyLight": false,
    "imitateOverworldBehaviour": false,
    "portalFrame": {
      "value": "Blocks.NETHER_BRICK_FENCE"
    },
    "portalParticles": {
      "value": "PORTAL"
    },
    "portalLuminance": 0,
    "portalSound": {
      "value": "block.portal.ambient"
    },
    "enableIgniter": true,
    "igniterName": "construct",
    "igniterRarity": "COMMON",
    "specialInformation": {
      "fixedValue": []
    },
    "igniterTab": {
      "value": "TOOLS"
    },
    "texture": "a",
    "portalTexture": "g",
    "enablePortal": true
  }
}